{"cameraMode":{"drawMode":0,"name":"Shaded","section":"Shading Mode"},"sceneLighting":true,"audioPlay":false,"sceneViewState":{"m_AlwaysRefresh":false,"showFog":true,"showSkybox":true,"showFlares":true,"showImageEffects":true,"showParticleSystems":true,"showVisualEffectGraphs":true,"m_FxEnabled":true},"in2DMode":false,"pivot":{"x":16.04246711730957,"y":9.105181694030762,"z":20.119047164916993},"rotation":{"x":-0.02052875980734825,"y":-0.9323094487190247,"z":0.35739773511886599,"w":-0.05292324721813202},"size":11.342475891113282,"orthographic":false}